model,accuracy,precision,recall,f1_score,auc_roc
decision tree,0.9537223340040242,0.0,0.0,0.0,0.6059438635112824
random forest,0.9537223340040242,0.0,0.0,0.0,0.6028251696936341
gradient boosting,0.9436619718309859,0.0,0.0,0.0,0.4928453494771602
