model,train_rmse,test_rmse,train_mae,test_mae,train_r2,test_r2
linear regression,104.53029742675992,105.9749272271801,90.29241408732967,92.02762410817752,0.0057826460431101845,-0.0014544801800449036
ridge regression,104.53029750843311,105.9749812627018,90.2924711526216,92.02786540337685,0.005782644489476074,-0.0014555014429133983
lasso regression,104.53054545488824,105.96028934462423,90.29743870113471,92.02466822504363,0.005777927905535107,-0.0011778456770787926
